"coord_ref_sys_code","coord_ref_sys_name","coord_ref_sys_kind","coord_sys_code","datum_code","base_crs_code","projection_conv_code"
3819,"HD1909","geographic 2D",6422,1024,NULL,NULL
3821,"TWD67","geographic 2D",6422,1025,NULL,NULL
3822,"TWD97","geocentric",6500,1026,NULL,NULL
3823,"TWD97","geographic 3D",6423,1026,3822,15592
3824,"TWD97","geographic 2D",6422,1026,3823,15593
3887,"IGRS","geocentric",6500,1029,NULL,NULL
3888,"IGRS","geographic 3D",6423,1029,3887,15592
3889,"IGRS","geographic 2D",6422,1029,3888,15593
3906,"MGI 1901","geographic 2D",6422,1031,NULL,NULL
4000,"MOLDREF99","geocentric",6500,1032,NULL,NULL
4017,"MOLDREF99","geographic 3D",6423,1032,4000,15592
4023,"MOLDREF99","geographic 2D",6422,1032,4017,15593
4039,"RGRDC 2005","geocentric",6500,1033,NULL,NULL
4040,"RGRDC 2005","geographic 3D",6423,1033,4039,15592
4046,"RGRDC 2005","geographic 2D",6422,1033,4040,15593
4073,"SREF98","geocentric",6500,1034,NULL,NULL
4074,"SREF98","geographic 3D",6423,1034,4073,15592
4075,"SREF98","geographic 2D",6422,1034,4074,15593
4079,"REGCAN95","geocentric",6500,1035,NULL,NULL
4080,"REGCAN95","geographic 3D",6423,1035,4079,15592
4081,"REGCAN95","geographic 2D",6422,1035,4080,15593
4120,"Greek","geographic 2D",6422,6120,NULL,NULL
4121,"GGRS87","geographic 2D",6422,6121,NULL,NULL
4122,"ATS77","geographic 2D",6422,6122,NULL,NULL
4123,"KKJ","geographic 2D",6422,6123,NULL,NULL
4124,"RT90","geographic 2D",6422,6124,NULL,NULL
4127,"Tete","geographic 2D",6422,6127,NULL,NULL
4128,"Madzansua","geographic 2D",6422,6128,NULL,NULL
4129,"Observatario","geographic 2D",6422,6129,NULL,NULL
4130,"Moznet","geographic 2D",6422,6130,4953,15593
4131,"Indian 1960","geographic 2D",6422,6131,NULL,NULL
4132,"FD58","geographic 2D",6422,6132,NULL,NULL
4133,"EST92","geographic 2D",6422,6133,NULL,NULL
4134,"PSD93","geographic 2D",6422,6134,NULL,NULL
4135,"Old Hawaiian","geographic 2D",6422,6135,NULL,NULL
4136,"St. Lawrence Island","geographic 2D",6422,6136,NULL,NULL
4137,"St. Paul Island","geographic 2D",6422,6137,NULL,NULL
4138,"St. George Island","geographic 2D",6422,6138,NULL,NULL
4139,"Puerto Rico","geographic 2D",6422,6139,NULL,NULL
4141,"Israel 1993","geographic 2D",6422,6141,NULL,NULL
4142,"Locodjo 1965","geographic 2D",6422,6142,NULL,NULL
4143,"Abidjan 1987","geographic 2D",6422,6143,NULL,NULL
4144,"Kalianpur 1937","geographic 2D",6422,6144,NULL,NULL
4145,"Kalianpur 1962","geographic 2D",6422,6145,NULL,NULL
4146,"Kalianpur 1975","geographic 2D",6422,6146,NULL,NULL
4147,"Hanoi 1972","geographic 2D",6422,6147,NULL,NULL
4148,"Hartebeesthoek94","geographic 2D",6422,6148,4941,15593
4149,"CH1903","geographic 2D",6422,6149,NULL,NULL
4150,"CH1903+","geographic 2D",6422,6150,NULL,NULL
4151,"CHTRS95","geographic 2D",6422,6151,4933,15593
4152,"NAD83(HARN)","geographic 2D",6422,6152,4957,15593
4153,"Rassadiran","geographic 2D",6422,6153,NULL,NULL
4154,"ED50(ED77)","geographic 2D",6422,6154,NULL,NULL
4155,"Dabola 1981","geographic 2D",6422,6155,NULL,NULL
4156,"S-JTSK","geographic 2D",6422,6156,NULL,NULL
4157,"Mount Dillon","geographic 2D",6422,6157,NULL,NULL
4158,"Naparima 1955","geographic 2D",6422,6158,NULL,NULL
4159,"ELD79","geographic 2D",6422,6159,NULL,NULL
4160,"Chos Malal 1914","geographic 2D",6422,6160,NULL,NULL
4161,"Pampa del Castillo","geographic 2D",6422,6161,NULL,NULL
4162,"Korean 1985","geographic 2D",6422,6162,NULL,NULL
4163,"Yemen NGN96","geographic 2D",6422,6163,4981,15593
4164,"South Yemen","geographic 2D",6422,6164,NULL,NULL
4165,"Bissau","geographic 2D",6422,6165,NULL,NULL
4166,"Korean 1995","geographic 2D",6422,6166,NULL,NULL
4167,"NZGD2000","geographic 2D",6422,6167,4959,15593
4168,"Accra","geographic 2D",6422,6168,NULL,NULL
4169,"American Samoa 1962","geographic 2D",6422,6169,NULL,NULL
4170,"SIRGAS 1995","geographic 2D",6422,6170,4975,15593
4171,"RGF93 v1","geographic 2D",6422,6171,4965,15593
4173,"IRENET95","geographic 2D",6422,6173,4943,15593
4174,"Sierra Leone 1924","geographic 2D",6422,6174,NULL,NULL
4175,"Sierra Leone 1968","geographic 2D",6422,6175,NULL,NULL
4176,"Australian Antarctic","geographic 2D",6422,6176,4931,15593
4178,"Pulkovo 1942(83)","geographic 2D",6422,6178,NULL,NULL
4179,"Pulkovo 1942(58)","geographic 2D",6422,6179,NULL,NULL
4180,"EST97","geographic 2D",6422,6180,4935,15593
4181,"LUREF","geographic 2D",6422,6181,9893,15593
4182,"Azores Occidental 1939","geographic 2D",6422,6182,NULL,NULL
4183,"Azores Central 1948","geographic 2D",6422,6183,NULL,NULL
4184,"Azores Oriental 1940","geographic 2D",6422,6184,NULL,NULL
4188,"OSNI 1952","geographic 2D",6422,6188,NULL,NULL
4189,"REGVEN","geographic 2D",6422,6189,4963,15593
4190,"POSGAR 98","geographic 2D",6422,6190,4961,15593
4191,"Albanian 1987","geographic 2D",6422,6191,NULL,NULL
4192,"Douala 1948","geographic 2D",6422,6192,NULL,NULL
4193,"Manoca 1962","geographic 2D",6422,6193,NULL,NULL
4194,"Qornoq 1927","geographic 2D",6422,6194,NULL,NULL
4195,"Scoresbysund 1952","geographic 2D",6422,6195,NULL,NULL
4196,"Ammassalik 1958","geographic 2D",6422,6196,NULL,NULL
4197,"Garoua","geographic 2D",6422,6197,NULL,NULL
4198,"Kousseri","geographic 2D",6422,6198,NULL,NULL
4199,"Egypt 1930","geographic 2D",6422,6199,NULL,NULL
4200,"Pulkovo 1995","geographic 2D",6422,6200,NULL,NULL
4201,"Adindan","geographic 2D",6422,6201,NULL,NULL
4202,"AGD66","geographic 2D",6422,6202,NULL,NULL
4203,"AGD84","geographic 2D",6422,6203,NULL,NULL
4204,"Ain el Abd","geographic 2D",6422,6204,NULL,NULL
4205,"Afgooye","geographic 2D",6422,6205,NULL,NULL
4206,"Agadez","geographic 2D",6422,6206,NULL,NULL
4207,"Lisbon","geographic 2D",6422,6207,NULL,NULL
4208,"Aratu","geographic 2D",6422,6208,NULL,NULL
4209,"Arc 1950","geographic 2D",6422,6209,NULL,NULL
4210,"Arc 1960","geographic 2D",6422,6210,NULL,NULL
4211,"Batavia","geographic 2D",6422,6211,NULL,NULL
4212,"Barbados 1938","geographic 2D",6422,6212,NULL,NULL
4213,"Beduaram","geographic 2D",6422,6213,NULL,NULL
4214,"Beijing 1954","geographic 2D",6422,6214,NULL,NULL
4215,"BD50","geographic 2D",6422,6215,NULL,NULL
4216,"Bermuda 1957","geographic 2D",6422,6216,NULL,NULL
4218,"Bogota 1975","geographic 2D",6422,6218,NULL,NULL
4219,"Bukit Rimpah","geographic 2D",6422,6219,NULL,NULL
4220,"Camacupa 1948","geographic 2D",6422,6220,NULL,NULL
4221,"Campo Inchauspe","geographic 2D",6422,6221,NULL,NULL
4222,"Cape","geographic 2D",6422,6222,NULL,NULL
4223,"Carthage","geographic 2D",6422,6223,NULL,NULL
4224,"Chua","geographic 2D",6422,6224,NULL,NULL
4225,"Corrego Alegre 1970-72","geographic 2D",6422,6225,NULL,NULL
4227,"Deir ez Zor","geographic 2D",6422,6227,NULL,NULL
4229,"Egypt 1907","geographic 2D",6422,6229,NULL,NULL
4230,"ED50","geographic 2D",6422,6230,NULL,NULL
4231,"ED87","geographic 2D",6422,6231,NULL,NULL
4232,"Fahud","geographic 2D",6422,6232,NULL,NULL
4236,"Hu Tzu Shan 1950","geographic 2D",6422,6236,NULL,NULL
4237,"HD72","geographic 2D",6422,6237,NULL,NULL
4238,"ID74","geographic 2D",6422,6238,NULL,NULL
4239,"Indian 1954","geographic 2D",6422,6239,NULL,NULL
4240,"Indian 1975","geographic 2D",6422,6240,NULL,NULL
4241,"Jamaica 1875","geographic 2D",6422,6241,NULL,NULL
4242,"JAD69","geographic 2D",6422,6242,NULL,NULL
4243,"Kalianpur 1880","geographic 2D",6422,6243,NULL,NULL
4244,"Kandawala","geographic 2D",6422,6244,NULL,NULL
4245,"Kertau 1968","geographic 2D",6422,6245,NULL,NULL
4246,"KOC","geographic 2D",6422,6246,NULL,NULL
4247,"La Canoa","geographic 2D",6422,6247,NULL,NULL
4248,"PSAD56","geographic 2D",6422,6248,NULL,NULL
4249,"Lake","geographic 2D",6422,6249,NULL,NULL
4250,"Leigon","geographic 2D",6422,6250,NULL,NULL
4251,"Liberia 1964","geographic 2D",6422,6251,NULL,NULL
4252,"Lome","geographic 2D",6422,6252,NULL,NULL
4253,"Luzon 1911","geographic 2D",6422,6253,NULL,NULL
4254,"Hito XVIII 1963","geographic 2D",6422,6254,NULL,NULL
4255,"Herat North","geographic 2D",6422,6255,NULL,NULL
4256,"Mahe 1971","geographic 2D",6422,6256,NULL,NULL
4257,"Makassar","geographic 2D",6422,6257,NULL,NULL
4258,"ETRS89","geographic 2D",6422,6258,4937,15593
4259,"Malongo 1987","geographic 2D",6422,6259,NULL,NULL
4261,"Merchich","geographic 2D",6422,6261,NULL,NULL
4262,"Massawa","geographic 2D",6422,6262,NULL,NULL
4263,"Minna","geographic 2D",6422,6263,NULL,NULL
4265,"Monte Mario","geographic 2D",6422,6265,NULL,NULL
4266,"M'poraloko","geographic 2D",6422,6266,NULL,NULL
4267,"NAD27","geographic 2D",6422,6267,NULL,NULL
4269,"NAD83","geographic 2D",6422,6269,NULL,NULL
4270,"Nahrwan 1967","geographic 2D",6422,6270,NULL,NULL
4271,"Naparima 1972","geographic 2D",6422,6271,NULL,NULL
4272,"NZGD49","geographic 2D",6422,6272,NULL,NULL
4273,"NGO 1948","geographic 2D",6422,6273,NULL,NULL
4274,"Datum 73","geographic 2D",6422,6274,NULL,NULL
4275,"NTF","geographic 2D",6422,6275,NULL,NULL
4276,"NSWC 9Z-2","geographic 2D",6422,6276,NULL,NULL
4277,"OSGB36","geographic 2D",6422,6277,NULL,NULL
4278,"OSGB70","geographic 2D",6422,6278,NULL,NULL
4279,"OS(SN)80","geographic 2D",6422,6279,NULL,NULL
4281,"Palestine 1923","geographic 2D",6422,6281,NULL,NULL
4282,"Pointe Noire","geographic 2D",6422,6282,NULL,NULL
4283,"GDA94","geographic 2D",6422,6283,4939,15593
4284,"Pulkovo 1942","geographic 2D",6422,6284,NULL,NULL
4285,"Qatar 1974","geographic 2D",6422,6285,NULL,NULL
4286,"Qatar 1948","geographic 2D",6422,6286,NULL,NULL
4288,"Loma Quintana","geographic 2D",6422,6288,NULL,NULL
4289,"Amersfoort","geographic 2D",6422,6289,NULL,NULL
4292,"Sapper Hill 1943","geographic 2D",6422,6292,NULL,NULL
4293,"Schwarzeck","geographic 2D",6422,6293,NULL,NULL
4295,"Serindung","geographic 2D",6422,6295,NULL,NULL
4297,"Tananarive","geographic 2D",6422,6297,NULL,NULL
4298,"Timbalai 1948","geographic 2D",6422,6298,NULL,NULL
4299,"TM65","geographic 2D",6422,6299,NULL,NULL
4300,"TM75","geographic 2D",6422,6300,NULL,NULL
4301,"Tokyo","geographic 2D",6422,6301,NULL,NULL
4302,"Trinidad 1903","geographic 2D",6422,6302,NULL,NULL
4303,"TC(1948)","geographic 2D",6422,6303,NULL,NULL
4304,"Voirol 1875","geographic 2D",6422,6304,NULL,NULL
4306,"Bern 1938","geographic 2D",6422,6306,NULL,NULL
4307,"Nord Sahara 1959","geographic 2D",6422,6307,NULL,NULL
4308,"RT38","geographic 2D",6422,6308,NULL,NULL
4309,"Yacare","geographic 2D",6422,6309,NULL,NULL
4310,"Yoff","geographic 2D",6422,6310,NULL,NULL
4311,"Zanderij","geographic 2D",6422,6311,NULL,NULL
4312,"MGI","geographic 2D",6422,6312,9267,15593
4313,"BD72","geographic 2D",6422,6313,NULL,NULL
4314,"DHDN","geographic 2D",6422,6314,NULL,NULL
4315,"Conakry 1905","geographic 2D",6422,6315,NULL,NULL
4316,"Dealul Piscului 1930","geographic 2D",6422,6316,NULL,NULL
4318,"NGN","geographic 2D",6422,6318,NULL,NULL
4319,"KUDAMS","geographic 2D",6422,6319,NULL,NULL
4322,"WGS 72","geographic 2D",6422,6322,4985,15593
4324,"WGS 72BE","geographic 2D",6422,6324,4987,15593
4326,"WGS 84","geographic 2D",6422,6326,4979,15593
4463,"RGSPM06","geographic 2D",6422,1038,4466,15593
4465,"RGSPM06","geocentric",6500,1038,NULL,NULL
4466,"RGSPM06","geographic 3D",6423,1038,4465,15592
4468,"RGM04","geocentric",6500,1036,NULL,NULL
4469,"RGM04","geographic 3D",6423,1036,4468,15592
4470,"RGM04","geographic 2D",6422,1036,4469,15593
4472,"Cadastre 1997","geographic 3D",6423,1037,4473,15592
4473,"Cadastre 1997","geocentric",6500,1037,NULL,NULL
4475,"Cadastre 1997","geographic 2D",6422,1037,4472,15593
4479,"China Geodetic Coordinate System 2000","geocentric",6500,1043,NULL,NULL
4480,"China Geodetic Coordinate System 2000","geographic 3D",6423,1043,4479,15592
4481,"Mexico ITRF92","geocentric",6500,1042,NULL,NULL
4482,"Mexico ITRF92","geographic 3D",6423,1042,4481,15592
4483,"Mexico ITRF92","geographic 2D",6422,1042,4482,15593
4490,"China Geodetic Coordinate System 2000","geographic 2D",6422,1043,4480,15593
4555,"New Beijing","geographic 2D",6422,1045,NULL,NULL
4556,"RRAF 1991","geocentric",6500,1047,NULL,NULL
4557,"RRAF 1991","geographic 3D",6423,1047,4556,15592
4558,"RRAF 1991","geographic 2D",6422,1047,4557,15593
4600,"Anguilla 1957","geographic 2D",6422,6600,NULL,NULL
4601,"Antigua 1943","geographic 2D",6422,6601,NULL,NULL
4602,"Dominica 1945","geographic 2D",6422,6602,NULL,NULL
4603,"Grenada 1953","geographic 2D",6422,6603,NULL,NULL
4604,"Montserrat 1958","geographic 2D",6422,6604,NULL,NULL
4605,"St. Kitts 1955","geographic 2D",6422,6605,NULL,NULL
4606,"St. Lucia 1955","geographic 2D",6422,6606,NULL,NULL
4607,"St. Vincent 1945","geographic 2D",6422,6607,NULL,NULL
4608,"NAD27(76)","geographic 2D",6422,6608,NULL,NULL
4609,"NAD27(CGQ77)","geographic 2D",6422,6609,NULL,NULL
4610,"Xian 1980","geographic 2D",6422,6610,NULL,NULL
4611,"Hong Kong 1980","geographic 2D",6422,6611,NULL,NULL
4612,"JGD2000","geographic 2D",6422,6612,4947,15593
4613,"Segara","geographic 2D",6422,6613,NULL,NULL
4614,"QND95","geographic 2D",6422,6614,NULL,NULL
4615,"Porto Santo","geographic 2D",6422,6615,NULL,NULL
4616,"Selvagem Grande","geographic 2D",6422,6616,NULL,NULL
4617,"NAD83(CSRS)","geographic 2D",6422,6140,4955,15593
4618,"SAD69","geographic 2D",6422,6618,NULL,NULL
4619,"SWEREF99","geographic 2D",6422,6619,4977,15593
4620,"Point 58","geographic 2D",6422,6620,NULL,NULL
4621,"Fort Marigot","geographic 2D",6422,6621,NULL,NULL
4622,"Guadeloupe 1948","geographic 2D",6422,6622,NULL,NULL
4623,"CSG67","geographic 2D",6422,6623,NULL,NULL
4624,"RGFG95","geographic 2D",6422,6624,4967,15593
4625,"Martinique 1938","geographic 2D",6422,6625,NULL,NULL
4626,"Reunion 1947","geographic 2D",6422,6626,NULL,NULL
4627,"RGR92","geographic 2D",6422,6627,4971,15593
4628,"Tahiti 52","geographic 2D",6422,6628,NULL,NULL
4629,"Tahaa 54","geographic 2D",6422,6629,NULL,NULL
4630,"IGN72 Nuku Hiva","geographic 2D",6422,6630,NULL,NULL
4632,"Combani 1950","geographic 2D",6422,6632,NULL,NULL
4633,"IGN56 Lifou","geographic 2D",6422,6633,NULL,NULL
4636,"Petrels 1972","geographic 2D",6422,6636,NULL,NULL
4637,"Perroud 1950","geographic 2D",6422,6637,NULL,NULL
4638,"Saint Pierre et Miquelon 1950","geographic 2D",6422,6638,NULL,NULL
4639,"MOP78","geographic 2D",6422,6639,NULL,NULL
4641,"IGN53 Mare","geographic 2D",6422,6641,NULL,NULL
4642,"ST84 Ile des Pins","geographic 2D",6422,6642,NULL,NULL
4643,"ST71 Belep","geographic 2D",6422,6643,NULL,NULL
4644,"NEA74 Noumea","geographic 2D",6422,6644,NULL,NULL
4646,"Grand Comoros","geographic 2D",6422,6646,NULL,NULL
4657,"Reykjavik 1900","geographic 2D",6422,6657,NULL,NULL
4658,"Hjorsey 1955","geographic 2D",6422,6658,NULL,NULL
4659,"ISN93","geographic 2D",6422,6659,4945,15593
4660,"Helle 1954","geographic 2D",6422,6660,NULL,NULL
4661,"LKS-92","geographic 2D",6422,6661,4949,15593
4662,"IGN72 Grande Terre","geographic 2D",6422,6634,NULL,NULL
4663,"Porto Santo 1995","geographic 2D",6422,6663,NULL,NULL
4664,"Azores Oriental 1995","geographic 2D",6422,6664,NULL,NULL
4665,"Azores Central 1995","geographic 2D",6422,6665,NULL,NULL
4666,"Lisbon 1890","geographic 2D",6422,6666,NULL,NULL
4667,"IKBD-92","geographic 2D",6422,6667,NULL,NULL
4668,"ED79","geographic 2D",6422,6668,NULL,NULL
4669,"LKS94","geographic 2D",6422,6126,4951,15593
4670,"IGM95","geographic 2D",6422,6670,4983,15593
4671,"Voirol 1879","geographic 2D",6422,6671,NULL,NULL
4672,"Chatham Islands 1971","geographic 2D",6422,6672,NULL,NULL
4673,"Chatham Islands 1979","geographic 2D",6422,6673,NULL,NULL
4674,"SIRGAS 2000","geographic 2D",6422,6674,4989,15593
4675,"Guam 1963","geographic 2D",6422,6675,NULL,NULL
4676,"Vientiane 1982","geographic 2D",6422,6676,NULL,NULL
4677,"Lao 1993","geographic 2D",6422,6677,4991,15593
4678,"Lao 1997","geographic 2D",6422,6678,4993,15593
4679,"Jouik 1961","geographic 2D",6422,6679,NULL,NULL
4680,"Nouakchott 1965","geographic 2D",6422,6680,NULL,NULL
4682,"Gulshan 303","geographic 2D",6422,6682,NULL,NULL
4683,"PRS92","geographic 2D",6422,6683,4995,15593
4684,"Gan 1970","geographic 2D",6422,6684,NULL,NULL
4686,"MAGNA-SIRGAS","geographic 2D",6422,6686,4997,15593
4687,"RGPF","geographic 2D",6422,6687,4999,15593
4688,"Fatu Iva 72","geographic 2D",6422,6688,NULL,NULL
4689,"IGN63 Hiva Oa","geographic 2D",6422,6689,NULL,NULL
4690,"Tahiti 79","geographic 2D",6422,6690,NULL,NULL
4691,"Moorea 87","geographic 2D",6422,6691,NULL,NULL
4692,"Maupiti 83","geographic 2D",6422,6692,NULL,NULL
4693,"Nakhl-e Ghanem","geographic 2D",6422,6693,NULL,NULL
4694,"POSGAR 94","geographic 2D",6422,6694,4929,15593
4695,"Katanga 1955","geographic 2D",6422,6695,NULL,NULL
4696,"Kasai 1953","geographic 2D",6422,6696,NULL,NULL
4697,"IGC 1962 6th Parallel South","geographic 2D",6422,6697,NULL,NULL
4698,"IGN 1962 Kerguelen","geographic 2D",6422,6698,NULL,NULL
4699,"Le Pouce 1934","geographic 2D",6422,6699,NULL,NULL
4700,"IGN Astro 1960","geographic 2D",6422,6700,NULL,NULL
4701,"IGCB 1955","geographic 2D",6422,6701,NULL,NULL
4702,"Mauritania 1999","geographic 2D",6422,6702,4925,15593
4703,"Mhast 1951","geographic 2D",6422,6703,NULL,NULL
4704,"Mhast (onshore)","geographic 2D",6422,6704,NULL,NULL
4705,"Mhast (offshore)","geographic 2D",6422,6705,NULL,NULL
4706,"Egypt Gulf of Suez S-650 TL","geographic 2D",6422,6706,NULL,NULL
4707,"Tern Island 1961","geographic 2D",6422,6707,NULL,NULL
4708,"Cocos Islands 1965","geographic 2D",6422,6708,NULL,NULL
4709,"Iwo Jima 1945","geographic 2D",6422,6709,NULL,NULL
4710,"Astro DOS 71","geographic 2D",6422,6710,NULL,NULL
4711,"Marcus Island 1952","geographic 2D",6422,6711,NULL,NULL
4712,"Ascension Island 1958","geographic 2D",6422,6712,NULL,NULL
4713,"Ayabelle Lighthouse","geographic 2D",6422,6713,NULL,NULL
4714,"Bellevue","geographic 2D",6422,6714,NULL,NULL
4715,"Camp Area Astro","geographic 2D",6422,6715,NULL,NULL
4716,"Phoenix Islands 1966","geographic 2D",6422,6716,NULL,NULL
4717,"Cape Canaveral","geographic 2D",6422,6717,NULL,NULL
4718,"Solomon 1968","geographic 2D",6422,6718,NULL,NULL
4719,"Easter Island 1967","geographic 2D",6422,6719,NULL,NULL
4720,"Fiji 1986","geographic 2D",6422,6720,NULL,NULL
4721,"Fiji 1956","geographic 2D",6422,6721,NULL,NULL
4722,"South Georgia 1968","geographic 2D",6422,6722,NULL,NULL
4723,"GCGD59","geographic 2D",6422,6723,NULL,NULL
4724,"Diego Garcia 1969","geographic 2D",6422,6724,NULL,NULL
4725,"Johnston Island 1961","geographic 2D",6422,6725,NULL,NULL
4726,"SIGD61","geographic 2D",6422,6726,NULL,NULL
4727,"Midway 1961","geographic 2D",6422,6727,NULL,NULL
4728,"PN84","geographic 2D",6422,6728,NULL,NULL
4729,"Pitcairn 1967","geographic 2D",6422,6729,NULL,NULL
4730,"Santo 1965","geographic 2D",6422,6730,NULL,NULL
4732,"Marshall Islands 1960","geographic 2D",6422,6732,NULL,NULL
4733,"Wake Island 1952","geographic 2D",6422,6733,NULL,NULL
4734,"Tristan 1968","geographic 2D",6422,6734,NULL,NULL
4735,"Kusaie 1951","geographic 2D",6422,6735,NULL,NULL
4736,"Deception Island","geographic 2D",6422,6736,NULL,NULL
4737,"KGD2002","geographic 2D",6422,6737,4927,15593
4738,"Hong Kong 1963","geographic 2D",6422,6738,NULL,NULL
4739,"Hong Kong 1963(67)","geographic 2D",6422,6739,NULL,NULL
4740,"PZ-90","geographic 2D",6422,6740,4923,15593
4741,"FD54","geographic 2D",6422,6741,NULL,NULL
4742,"GDM2000","geographic 2D",6422,6742,4921,15593
4743,"Karbala 1979","geographic 2D",6422,6743,NULL,NULL
4744,"Nahrwan 1934","geographic 2D",6422,6744,NULL,NULL
4745,"RD/83","geographic 2D",6422,6745,NULL,NULL
4746,"PD/83","geographic 2D",6422,6746,NULL,NULL
4747,"GR96","geographic 2D",6422,6747,4909,15593
4748,"Vanua Levu 1915","geographic 2D",6422,6748,NULL,NULL
4749,"RGNC91-93","geographic 2D",6422,6749,4907,15593
4750,"ST87 Ouvea","geographic 2D",6422,6750,NULL,NULL
4751,"Kertau (RSO)","geographic 2D",6422,6751,NULL,NULL
4752,"Viti Levu 1912","geographic 2D",6422,6752,NULL,NULL
4753,"fk89","geographic 2D",6422,6753,NULL,NULL
4754,"LGD2006","geographic 2D",6422,6754,4900,15593
4755,"DGN95","geographic 2D",6422,6755,4898,15593
4756,"VN-2000","geographic 2D",6422,6756,NULL,NULL
4757,"SVY21","geographic 2D",6422,6757,NULL,NULL
4758,"JAD2001","geographic 2D",6422,6758,4895,15593
4759,"NAD83(NSRS2007)","geographic 2D",6422,6759,4893,15593
4760,"WGS 66","geographic 2D",6422,6760,4891,15593
4761,"HTRS96","geographic 2D",6422,6761,4889,15593
4762,"BDA2000","geographic 2D",6422,6762,4887,15593
4763,"Pitcairn 2006","geographic 2D",6422,6763,NULL,NULL
4764,"RSRGD2000","geographic 2D",6422,6764,4885,15593
4765,"Slovenia 1996","geographic 2D",6422,6765,4883,15593
4801,"CH1903 (Bern)","geographic 2D",6422,6801,NULL,NULL
4802,"Bogota 1975 (Bogota)","geographic 2D",6422,6802,NULL,NULL
4803,"Lisbon (Lisbon)","geographic 2D",6422,6803,NULL,NULL
4804,"Makassar (Jakarta)","geographic 2D",6422,6804,NULL,NULL
4805,"MGI (Ferro)","geographic 2D",6422,6805,NULL,NULL
4806,"Monte Mario (Rome)","geographic 2D",6422,6806,NULL,NULL
4807,"NTF (Paris)","geographic 2D",6403,6807,NULL,NULL
4809,"BD50 (Brussels)","geographic 2D",6422,6809,NULL,NULL
4810,"Tananarive (Paris)","geographic 2D",6403,6810,NULL,NULL
4811,"Voirol 1875 (Paris)","geographic 2D",6403,6811,NULL,NULL
4813,"Batavia (Jakarta)","geographic 2D",6422,6813,NULL,NULL
4814,"RT38 (Stockholm)","geographic 2D",6422,6814,NULL,NULL
4815,"Greek (Athens)","geographic 2D",6422,6815,NULL,NULL
4816,"Carthage (Paris)","geographic 2D",6403,6816,NULL,NULL
4817,"NGO 1948 (Oslo)","geographic 2D",6422,6817,NULL,NULL
4818,"S-JTSK (Ferro)","geographic 2D",6422,6818,NULL,NULL
4820,"Segara (Jakarta)","geographic 2D",6422,6820,NULL,NULL
4821,"Voirol 1879 (Paris)","geographic 2D",6403,6821,NULL,NULL
4823,"Sao Tome","geographic 2D",6422,1044,NULL,NULL
4824,"Principe","geographic 2D",6422,1046,NULL,NULL
4882,"Slovenia 1996","geocentric",6500,6765,NULL,NULL
4883,"Slovenia 1996","geographic 3D",6423,6765,4882,15592
4884,"RSRGD2000","geocentric",6500,6764,NULL,NULL
4885,"RSRGD2000","geographic 3D",6423,6764,4884,15592
4886,"BDA2000","geocentric",6500,6762,NULL,NULL
4887,"BDA2000","geographic 3D",6423,6762,4886,15592
4888,"HTRS96","geocentric",6500,6761,NULL,NULL
4889,"HTRS96","geographic 3D",6423,6761,4888,15592
4890,"WGS 66","geocentric",6500,6760,NULL,NULL
4891,"WGS 66","geographic 3D",6423,6760,4890,15592
4892,"NAD83(NSRS2007)","geocentric",6500,6759,NULL,NULL
4893,"NAD83(NSRS2007)","geographic 3D",6423,6759,4892,15592
4894,"JAD2001","geocentric",6500,6758,NULL,NULL
4895,"JAD2001","geographic 3D",6423,6758,4894,15592
4896,"ITRF2005","geocentric",6500,6896,NULL,NULL
4897,"DGN95","geocentric",6500,6755,NULL,NULL
4898,"DGN95","geographic 3D",6423,6755,4897,15592
4899,"LGD2006","geocentric",6500,6754,NULL,NULL
4900,"LGD2006","geographic 3D",6423,6754,4899,15592
4901,"ATF (Paris)","geographic 2D",6403,6901,NULL,NULL
4903,"Madrid 1870 (Madrid)","geographic 2D",6422,6903,NULL,NULL
4904,"Lisbon 1890 (Lisbon)","geographic 2D",6422,6904,NULL,NULL
4906,"RGNC91-93","geocentric",6500,6749,NULL,NULL
4907,"RGNC91-93","geographic 3D",6423,6749,4906,15592
4908,"GR96","geocentric",6500,6747,NULL,NULL
4909,"GR96","geographic 3D",6423,6747,4908,15592
4910,"ITRF88","geocentric",6500,6647,NULL,NULL
4911,"ITRF89","geocentric",6500,6648,NULL,NULL
4912,"ITRF90","geocentric",6500,6649,NULL,NULL
4913,"ITRF91","geocentric",6500,6650,NULL,NULL
4914,"ITRF92","geocentric",6500,6651,NULL,NULL
4915,"ITRF93","geocentric",6500,6652,NULL,NULL
4916,"ITRF94","geocentric",6500,6653,NULL,NULL
4917,"ITRF96","geocentric",6500,6654,NULL,NULL
4918,"ITRF97","geocentric",6500,6655,NULL,NULL
4919,"ITRF2000","geocentric",6500,6656,NULL,NULL
4920,"GDM2000","geocentric",6500,6742,NULL,NULL
4921,"GDM2000","geographic 3D",6423,6742,4920,15592
4922,"PZ-90","geocentric",6500,6740,NULL,NULL
4923,"PZ-90","geographic 3D",6423,6740,4922,15592
4924,"Mauritania 1999","geocentric",6500,6702,NULL,NULL
4925,"Mauritania 1999","geographic 3D",6423,6702,4924,15592
4926,"KGD2002","geocentric",6500,6737,NULL,NULL
4927,"KGD2002","geographic 3D",6423,6737,4926,15592
4928,"POSGAR 94","geocentric",6500,6694,NULL,NULL
4929,"POSGAR 94","geographic 3D",6423,6694,4928,15592
4930,"Australian Antarctic","geocentric",6500,6176,NULL,NULL
4931,"Australian Antarctic","geographic 3D",6423,6176,4930,15592
4932,"CHTRS95","geocentric",6500,6151,NULL,NULL
4933,"CHTRS95","geographic 3D",6423,6151,4932,15592
4934,"EST97","geocentric",6500,6180,NULL,NULL
4935,"EST97","geographic 3D",6423,6180,4934,15592
4936,"ETRS89","geocentric",6500,6258,NULL,NULL
4937,"ETRS89","geographic 3D",6423,6258,4936,15592
4938,"GDA94","geocentric",6500,6283,NULL,NULL
4939,"GDA94","geographic 3D",6423,6283,4938,15592
4940,"Hartebeesthoek94","geocentric",6500,6148,NULL,NULL
4941,"Hartebeesthoek94","geographic 3D",6423,6148,4940,15592
4942,"IRENET95","geocentric",6500,6173,NULL,NULL
4943,"IRENET95","geographic 3D",6423,6173,4942,15592
4944,"ISN93","geocentric",6500,6659,NULL,NULL
4945,"ISN93","geographic 3D",6423,6659,4944,15592
4946,"JGD2000","geocentric",6500,6612,NULL,NULL
4947,"JGD2000","geographic 3D",6423,6612,4946,15592
4948,"LKS-92","geocentric",6500,6661,NULL,NULL
4949,"LKS-92","geographic 3D",6423,6661,4948,15592
4950,"LKS94","geocentric",6500,6126,NULL,NULL
4951,"LKS94","geographic 3D",6423,6126,4950,15592
4952,"Moznet","geocentric",6500,6130,NULL,NULL
4953,"Moznet","geographic 3D",6423,6130,4952,15592
4954,"NAD83(CSRS)","geocentric",6500,6140,NULL,NULL
4955,"NAD83(CSRS)","geographic 3D",6423,6140,4954,15592
4956,"NAD83(HARN)","geocentric",6500,6152,NULL,NULL
4957,"NAD83(HARN)","geographic 3D",6423,6152,4956,15592
4958,"NZGD2000","geocentric",6500,6167,NULL,NULL
4959,"NZGD2000","geographic 3D",6423,6167,4958,15592
4960,"POSGAR 98","geocentric",6500,6190,NULL,NULL
4961,"POSGAR 98","geographic 3D",6423,6190,4960,15592
4962,"REGVEN","geocentric",6500,6189,NULL,NULL
4963,"REGVEN","geographic 3D",6423,6189,4962,15592
4964,"RGF93 v1","geocentric",6500,6171,NULL,NULL
4965,"RGF93 v1","geographic 3D",6423,6171,4964,15592
4966,"RGFG95","geocentric",6500,6624,NULL,NULL
4967,"RGFG95","geographic 3D",6423,6624,4966,15592
4970,"RGR92","geocentric",6500,6627,NULL,NULL
4971,"RGR92","geographic 3D",6423,6627,4970,15592
4974,"SIRGAS 1995","geocentric",6500,6170,NULL,NULL
4975,"SIRGAS 1995","geographic 3D",6423,6170,4974,15592
4976,"SWEREF99","geocentric",6500,6619,NULL,NULL
4977,"SWEREF99","geographic 3D",6423,6619,4976,15592
4978,"WGS 84","geocentric",6500,6326,NULL,NULL
4979,"WGS 84","geographic 3D",6423,6326,4978,15592
4980,"Yemen NGN96","geocentric",6500,6163,NULL,NULL
4981,"Yemen NGN96","geographic 3D",6423,6163,4980,15592
4982,"IGM95","geocentric",6500,6670,NULL,NULL
4983,"IGM95","geographic 3D",6423,6670,4982,15592
4984,"WGS 72","geocentric",6500,6322,NULL,NULL
4985,"WGS 72","geographic 3D",6423,6322,4984,15592
4986,"WGS 72BE","geocentric",6500,6324,NULL,NULL
4987,"WGS 72BE","geographic 3D",6423,6324,4986,15592
4988,"SIRGAS 2000","geocentric",6500,6674,NULL,NULL
4989,"SIRGAS 2000","geographic 3D",6423,6674,4988,15592
4990,"Lao 1993","geocentric",6500,6677,NULL,NULL
4991,"Lao 1993","geographic 3D",6423,6677,4990,15592
4992,"Lao 1997","geocentric",6500,6678,NULL,NULL
4993,"Lao 1997","geographic 3D",6423,6678,4992,15592
4994,"PRS92","geocentric",6500,6683,NULL,NULL
4995,"PRS92","geographic 3D",6423,6683,4994,15592
4996,"MAGNA-SIRGAS","geocentric",6500,6686,NULL,NULL
4997,"MAGNA-SIRGAS","geographic 3D",6423,6686,4996,15592
4998,"RGPF","geocentric",6500,6687,NULL,NULL
4999,"RGPF","geographic 3D",6423,6687,4998,15592
5011,"PTRA08","geocentric",6500,1041,NULL,NULL
5012,"PTRA08","geographic 3D",6423,1041,5011,15592
5013,"PTRA08","geographic 2D",6422,1041,5012,15593
5132,"Tokyo 1892","geographic 2D",6422,1048,NULL,NULL
5228,"S-JTSK/05","geographic 2D",6422,1052,NULL,NULL
5229,"S-JTSK/05 (Ferro)","geographic 2D",6422,1055,NULL,NULL
5233,"SLD99","geographic 2D",6422,1053,NULL,NULL
5244,"GDBD2009","geocentric",6500,1056,NULL,NULL
5245,"GDBD2009","geographic 3D",6423,1056,5244,15592
5246,"GDBD2009","geographic 2D",6422,1056,5245,15593
5250,"TUREF","geocentric",6500,1057,NULL,NULL
5251,"TUREF","geographic 3D",6423,1057,5250,15592
5252,"TUREF","geographic 2D",6422,1057,5251,15593
5262,"DRUKREF 03","geocentric",6500,1058,NULL,NULL
5263,"DRUKREF 03","geographic 3D",6423,1058,5262,15592
5264,"DRUKREF 03","geographic 2D",6422,1058,5263,15593
5322,"ISN2004","geocentric",6500,1060,NULL,NULL
5323,"ISN2004","geographic 3D",6423,1060,5322,15592
5324,"ISN2004","geographic 2D",6422,1060,5323,15593
5332,"ITRF2008","geocentric",6500,1061,NULL,NULL
5340,"POSGAR 2007","geographic 2D",6422,1062,5342,15593
5341,"POSGAR 2007","geocentric",6500,1062,NULL,NULL
5342,"POSGAR 2007","geographic 3D",6423,1062,5341,15592
5352,"MARGEN","geocentric",6500,1063,NULL,NULL
5353,"MARGEN","geographic 3D",6423,1063,5352,15592
5354,"MARGEN","geographic 2D",6422,1063,5353,15593
5358,"SIRGAS-Chile 2002","geocentric",6500,1064,NULL,NULL
5359,"SIRGAS-Chile 2002","geographic 3D",6423,1064,5358,15592
5360,"SIRGAS-Chile 2002","geographic 2D",6422,1064,5359,15593
5363,"CR05","geocentric",6500,1065,NULL,NULL
5364,"CR05","geographic 3D",6423,1065,5363,15592
5365,"CR05","geographic 2D",6422,1065,5364,15593
5368,"MACARIO SOLIS","geocentric",6500,1066,NULL,NULL
5369,"Peru96","geocentric",6500,1067,NULL,NULL
5370,"MACARIO SOLIS","geographic 3D",6423,1066,5368,15592
5371,"MACARIO SOLIS","geographic 2D",6422,1066,5370,15593
5372,"Peru96","geographic 3D",6423,1067,5369,15592
5373,"Peru96","geographic 2D",6422,1067,5372,15593
5379,"SIRGAS-ROU98","geocentric",6500,1068,NULL,NULL
5380,"SIRGAS-ROU98","geographic 3D",6423,1068,5379,15592
5381,"SIRGAS-ROU98","geographic 2D",6422,1068,5380,15593
5391,"SIRGAS_ES2007.8","geocentric",6500,1069,NULL,NULL
5392,"SIRGAS_ES2007.8","geographic 3D",6423,1069,5391,15592
5393,"SIRGAS_ES2007.8","geographic 2D",6422,1069,5392,15593
5451,"Ocotepeque 1935","geographic 2D",6422,1070,NULL,NULL
5464,"Sibun Gorge 1922","geographic 2D",6422,1071,NULL,NULL
5467,"Panama-Colon 1911","geographic 2D",6422,1072,NULL,NULL
5487,"RGAF09","geocentric",6500,1073,NULL,NULL
5488,"RGAF09","geographic 3D",6423,1073,5487,15592
5489,"RGAF09","geographic 2D",6422,1073,5488,15593
5524,"Corrego Alegre 1961","geographic 2D",6422,1074,NULL,NULL
5527,"SAD69(96)","geographic 2D",6422,1075,NULL,NULL
5544,"PNG94","geocentric",6500,1076,NULL,NULL
5545,"PNG94","geographic 3D",6423,1076,5544,15592
5546,"PNG94","geographic 2D",6422,1076,5545,15593
5558,"UCS-2000","geocentric",6500,1077,NULL,NULL
5560,"UCS-2000","geographic 3D",6423,1077,5558,15592
5561,"UCS-2000","geographic 2D",6422,1077,5560,15593
5591,"FEH2010","geocentric",6500,1078,NULL,NULL
5592,"FEH2010","geographic 3D",6423,1078,5591,15592
5593,"FEH2010","geographic 2D",6422,1078,5592,15593
5681,"DB_REF","geographic 2D",6422,1081,5830,15593
5828,"DB_REF","geocentric",6500,1081,NULL,NULL
5830,"DB_REF","geographic 3D",6423,1081,5828,15592
5884,"TGD2005","geocentric",6500,1095,NULL,NULL
5885,"TGD2005","geographic 3D",6423,1095,5884,15592
5886,"TGD2005","geographic 2D",6422,1095,5885,15593
6133,"CIGD11","geocentric",6500,1100,NULL,NULL
6134,"CIGD11","geographic 3D",6423,1100,6133,15592
6135,"CIGD11","geographic 2D",6422,1100,6134,15593
6207,"Nepal 1981","geographic 2D",6422,1111,NULL,NULL
6309,"CGRS93","geocentric",6500,1112,NULL,NULL
6310,"CGRS93","geographic 3D",6423,1112,6309,15592
6311,"CGRS93","geographic 2D",6422,1112,6310,15593
6317,"NAD83(2011)","geocentric",6500,1116,NULL,NULL
6318,"NAD83(2011)","geographic 2D",6422,1116,6319,15593
6319,"NAD83(2011)","geographic 3D",6423,1116,6317,15592
6320,"NAD83(PA11)","geocentric",6500,1117,NULL,NULL
6321,"NAD83(PA11)","geographic 3D",6423,1117,6320,15592
6322,"NAD83(PA11)","geographic 2D",6422,1117,6321,15593
6323,"NAD83(MA11)","geocentric",6500,1118,NULL,NULL
6324,"NAD83(MA11)","geographic 3D",6423,1118,6323,15592
6325,"NAD83(MA11)","geographic 2D",6422,1118,6324,15593
6363,"Mexico ITRF2008","geocentric",6500,1120,NULL,NULL
6364,"Mexico ITRF2008","geographic 3D",6423,1120,6363,15592
6365,"Mexico ITRF2008","geographic 2D",6422,1120,6364,15593
6666,"JGD2011","geocentric",6500,1128,NULL,NULL
6667,"JGD2011","geographic 3D",6423,1128,6666,15592
6668,"JGD2011","geographic 2D",6422,1128,6667,15593
6704,"RDN2008","geocentric",6500,1132,NULL,NULL
6705,"RDN2008","geographic 3D",6423,1132,6704,15592
6706,"RDN2008","geographic 2D",6422,1132,6705,15593
6781,"NAD83(CORS96)","geocentric",6500,1133,NULL,NULL
6782,"NAD83(CORS96)","geographic 3D",6423,1133,6781,15592
6783,"NAD83(CORS96)","geographic 2D",6422,1133,6782,15593
6881,"Aden 1925","geographic 2D",6422,1135,NULL,NULL
6882,"Bekaa Valley 1920","geographic 2D",6422,1137,NULL,NULL
6883,"Bioko","geographic 2D",6422,1136,NULL,NULL
6892,"South East Island 1943","geographic 2D",6422,1138,NULL,NULL
6894,"Gambia","geographic 2D",6422,1139,NULL,NULL
6934,"IGS08","geocentric",6500,1141,NULL,NULL
6981,"IG05 Intermediate CRS","geocentric",6500,1142,NULL,NULL
6982,"IG05 Intermediate CRS","geographic 3D",6423,1142,6981,15592
6983,"IG05 Intermediate CRS","geographic 2D",6422,1142,6982,15593
6988,"IG05/12 Intermediate CRS","geocentric",6500,1144,NULL,NULL
6989,"IG05/12 Intermediate CRS","geographic 3D",6423,1144,6988,15592
6990,"IG05/12 Intermediate CRS","geographic 2D",6422,1144,6989,15593
7034,"RGSPM06 (lon-lat)","geographic 3D",6426,1038,4466,15499
7035,"RGSPM06 (lon-lat)","geographic 2D",6424,1038,4463,15498
7036,"RGR92 (lon-lat)","geographic 3D",6426,6627,4971,15499
7037,"RGR92 (lon-lat)","geographic 2D",6424,6627,4627,15498
7038,"RGM04 (lon-lat)","geographic 3D",6426,1036,4469,15499
7039,"RGM04 (lon-lat)","geographic 2D",6424,1036,4470,15498
7040,"RGFG95 (lon-lat)","geographic 3D",6426,6624,4967,15499
7041,"RGFG95 (lon-lat)","geographic 2D",6424,6624,4624,15498
7042,"RGF93 v1 (lon-lat)","geographic 3D",6426,6171,4965,15499
7071,"RGTAAF07","geocentric",6500,1113,NULL,NULL
7072,"RGTAAF07","geographic 3D",6423,1113,7071,15592
7073,"RGTAAF07","geographic 2D",6422,1113,7072,15593
7084,"RGF93 v1 (lon-lat)","geographic 2D",6424,6171,4171,15498
7085,"RGAF09 (lon-lat)","geographic 3D",6426,1073,5488,15499
7086,"RGAF09 (lon-lat)","geographic 2D",6424,1073,5489,15498
7087,"RGTAAF07 (lon-lat)","geographic 3D",6426,1113,7072,15499
7133,"RGTAAF07 (lon-lat)","geographic 2D",6424,1113,7073,15498
7134,"IGD05","geocentric",6500,1114,NULL,NULL
7135,"IGD05","geographic 3D",6423,1114,7134,15592
7136,"IGD05","geographic 2D",6422,1114,7135,15593
7137,"IGD05/12","geocentric",6500,1115,NULL,NULL
7138,"IGD05/12","geographic 3D",6423,1115,7137,15592
7139,"IGD05/12","geographic 2D",6422,1115,7138,15593
7371,"ONGD14","geocentric",6500,1147,NULL,NULL
7372,"ONGD14","geographic 3D",6423,1147,7371,15592
7373,"ONGD14","geographic 2D",6422,1147,7372,15593
7656,"WGS 84 (G730)","geocentric",6500,1152,NULL,NULL
7657,"WGS 84 (G730)","geographic 3D",6423,1152,7656,15592
7658,"WGS 84 (G873)","geocentric",6500,1153,NULL,NULL
7659,"WGS 84 (G873)","geographic 3D",6423,1153,7658,15592
7660,"WGS 84 (G1150)","geocentric",6500,1154,NULL,NULL
7661,"WGS 84 (G1150)","geographic 3D",6423,1154,7660,15592
7662,"WGS 84 (G1674)","geocentric",6500,1155,NULL,NULL
7663,"WGS 84 (G1674)","geographic 3D",6423,1155,7662,15592
7664,"WGS 84 (G1762)","geocentric",6500,1156,NULL,NULL
7665,"WGS 84 (G1762)","geographic 3D",6423,1156,7664,15592
7677,"PZ-90.02","geocentric",6500,1157,NULL,NULL
7678,"PZ-90.02","geographic 3D",6423,1157,7677,15592
7679,"PZ-90.11","geocentric",6500,1158,NULL,NULL
7680,"PZ-90.11","geographic 3D",6423,1158,7679,15592
7681,"GSK-2011","geocentric",6500,1159,NULL,NULL
7682,"GSK-2011","geographic 3D",6423,1159,7681,15592
7683,"GSK-2011","geographic 2D",6422,1159,7682,15593
7684,"Kyrg-06","geocentric",6500,1160,NULL,NULL
7685,"Kyrg-06","geographic 3D",6423,1160,7684,15592
7686,"Kyrg-06","geographic 2D",6422,1160,7685,15593
7789,"ITRF2014","geocentric",6500,1165,NULL,NULL
7796,"BGS2005","geocentric",6500,1167,NULL,NULL
7797,"BGS2005","geographic 3D",6423,1167,7796,15592
7798,"BGS2005","geographic 2D",6422,1167,7797,15593
7815,"WGS 84 (Transit)","geocentric",6500,1166,NULL,NULL
7816,"WGS 84 (Transit)","geographic 3D",6423,1166,7815,15592
7842,"GDA2020","geocentric",6500,1168,NULL,NULL
7843,"GDA2020","geographic 3D",6423,1168,7842,15592
7844,"GDA2020","geographic 2D",6422,1168,7843,15593
7879,"St. Helena Tritan","geocentric",6500,1173,NULL,NULL
7880,"St. Helena Tritan","geographic 3D",6423,1173,7879,15592
7881,"St. Helena Tritan","geographic 2D",6422,1173,7880,15593
7884,"SHGD2015","geocentric",6500,1174,NULL,NULL
7885,"SHGD2015","geographic 3D",6423,1174,7884,15592
7886,"SHGD2015","geographic 2D",6422,1174,7885,15593
7900,"ITRF88","geographic 3D",6423,6647,4910,15592
7901,"ITRF89","geographic 3D",6423,6648,4911,15592
7902,"ITRF90","geographic 3D",6423,6649,4912,15592
7903,"ITRF91","geographic 3D",6423,6650,4913,15592
7904,"ITRF92","geographic 3D",6423,6651,4914,15592
7905,"ITRF93","geographic 3D",6423,6652,4915,15592
7906,"ITRF94","geographic 3D",6423,6653,4916,15592
7907,"ITRF96","geographic 3D",6423,6654,4917,15592
7908,"ITRF97","geographic 3D",6423,6655,4918,15592
7909,"ITRF2000","geographic 3D",6423,6656,4919,15592
7910,"ITRF2005","geographic 3D",6423,6896,4896,15592
7911,"ITRF2008","geographic 3D",6423,1061,5332,15592
7912,"ITRF2014","geographic 3D",6423,1165,7789,15592
7914,"ETRF89","geocentric",6500,1178,NULL,NULL
7915,"ETRF89","geographic 3D",6423,1178,7914,15592
7916,"ETRF90","geocentric",6500,1179,NULL,NULL
7917,"ETRF90","geographic 3D",6423,1179,7916,15592
7918,"ETRF91","geocentric",6500,1180,NULL,NULL
7919,"ETRF91","geographic 3D",6423,1180,7918,15592
7920,"ETRF92","geocentric",6500,1181,NULL,NULL
7921,"ETRF92","geographic 3D",6423,1181,7920,15592
7922,"ETRF93","geocentric",6500,1182,NULL,NULL
7923,"ETRF93","geographic 3D",6423,1182,7922,15592
7924,"ETRF94","geocentric",6500,1183,NULL,NULL
7925,"ETRF94","geographic 3D",6423,1183,7924,15592
7926,"ETRF96","geocentric",6500,1184,NULL,NULL
7927,"ETRF96","geographic 3D",6423,1184,7926,15592
7928,"ETRF97","geocentric",6500,1185,NULL,NULL
7929,"ETRF97","geographic 3D",6423,1185,7928,15592
7930,"ETRF2000","geocentric",6500,1186,NULL,NULL
7931,"ETRF2000","geographic 3D",6423,1186,7930,15592
8042,"Gusterberg (Ferro)","geographic 2D",6422,1188,NULL,NULL
8043,"St. Stephen (Ferro)","geographic 2D",6422,1189,NULL,NULL
8084,"ISN2016","geocentric",6500,1187,NULL,NULL
8085,"ISN2016","geographic 3D",6423,1187,8084,15592
8086,"ISN2016","geographic 2D",6422,1187,8085,15593
8227,"IGS14","geocentric",6500,1191,NULL,NULL
8230,"NAD83(CSRS96)","geocentric",6500,1192,NULL,NULL
8231,"NAD83(CSRS96)","geographic 3D",6423,1192,8230,15592
8232,"NAD83(CSRS96)","geographic 2D",6422,1192,8231,15593
8233,"NAD83(CSRS)v2","geocentric",6500,1193,NULL,NULL
8235,"NAD83(CSRS)v2","geographic 3D",6423,1193,8233,15592
8237,"NAD83(CSRS)v2","geographic 2D",6422,1193,8235,15593
8238,"NAD83(CSRS)v3","geocentric",6500,1194,NULL,NULL
8239,"NAD83(CSRS)v3","geographic 3D",6423,1194,8238,15592
8240,"NAD83(CSRS)v3","geographic 2D",6422,1194,8239,15593
8242,"NAD83(CSRS)v4","geocentric",6500,1195,NULL,NULL
8244,"NAD83(CSRS)v4","geographic 3D",6423,1195,8242,15592
8246,"NAD83(CSRS)v4","geographic 2D",6422,1195,8244,15593
8247,"NAD83(CSRS)v5","geocentric",6500,1196,NULL,NULL
8248,"NAD83(CSRS)v5","geographic 3D",6423,1196,8247,15592
8249,"NAD83(CSRS)v5","geographic 2D",6422,1196,8248,15593
8250,"NAD83(CSRS)v6","geocentric",6500,1197,NULL,NULL
8251,"NAD83(CSRS)v6","geographic 3D",6423,1197,8250,15592
8252,"NAD83(CSRS)v6","geographic 2D",6422,1197,8251,15593
8253,"NAD83(CSRS)v7","geocentric",6500,1198,NULL,NULL
8254,"NAD83(CSRS)v7","geographic 3D",6423,1198,8253,15592
8255,"NAD83(CSRS)v7","geographic 2D",6422,1198,8254,15593
8351,"S-JTSK [JTSK03]","geographic 2D",6422,1201,NULL,NULL
8397,"ETRF2005","geocentric",6500,1204,NULL,NULL
8399,"ETRF2005","geographic 3D",6423,1204,8397,15592
8401,"ETRF2014","geocentric",6500,1206,NULL,NULL
8403,"ETRF2014","geographic 3D",6423,1206,8401,15592
8425,"Hong Kong Geodetic CS","geocentric",6500,1209,NULL,NULL
8426,"Hong Kong Geodetic CS","geographic 3D",6423,1209,8425,15592
8427,"Hong Kong Geodetic CS","geographic 2D",6422,1209,8426,15593
8428,"Macao 1920","geographic 2D",6422,1207,NULL,NULL
8429,"Macao 2008","geocentric",6500,1208,NULL,NULL
8430,"Macao 2008","geographic 3D",6423,1208,8429,15592
8431,"Macao 2008","geographic 2D",6422,1208,8430,15593
8541,"NAD83(FBN)","geocentric",6500,1211,NULL,NULL
8542,"NAD83(FBN)","geographic 3D",6423,1211,8541,15592
8543,"NAD83(HARN Corrected)","geocentric",6500,1212,NULL,NULL
8544,"NAD83(HARN Corrected)","geographic 3D",6423,1212,8543,15592
8545,"NAD83(HARN Corrected)","geographic 2D",6422,1212,8544,15593
8683,"SRB_ETRS89","geocentric",6500,1214,NULL,NULL
8684,"SRB_ETRS89","geographic 3D",6423,1214,8683,15592
8685,"SRB_ETRS89","geographic 2D",6422,1214,8684,15593
8694,"Camacupa 2015","geographic 2D",6422,1217,NULL,NULL
8697,"RSAO13","geocentric",6500,1220,NULL,NULL
8698,"RSAO13","geographic 3D",6423,1220,8697,15592
8699,"RSAO13","geographic 2D",6422,1220,8698,15593
8816,"MTRF-2000","geocentric",6500,1218,NULL,NULL
8817,"MTRF-2000","geographic 3D",6423,1218,8816,15592
8818,"MTRF-2000","geographic 2D",6422,1218,8817,15593
8860,"NAD83(FBN)","geographic 2D",6422,1211,8542,15593
8888,"WGS 84 (Transit)","geographic 2D",6422,1166,7816,15593
8898,"RGWF96","geocentric",6500,1223,NULL,NULL
8899,"RGWF96","geographic 3D",6423,1223,8898,15592
8900,"RGWF96","geographic 2D",6422,1223,8899,15593
8901,"RGWF96 (lon-lat)","geographic 3D",6426,1223,8899,15499
8902,"RGWF96 (lon-lat)","geographic 2D",6424,1223,8900,15498
8905,"CR-SIRGAS","geocentric",6500,1225,NULL,NULL
8906,"CR-SIRGAS","geographic 3D",6423,1225,8905,15592
8907,"CR-SIRGAS","geographic 2D",6422,1225,8906,15593
8915,"SIRGAS-CON DGF00P01","geocentric",6500,1227,NULL,NULL
8916,"SIRGAS-CON DGF00P01","geographic 3D",6423,1227,8915,15592
8917,"SIRGAS-CON DGF01P01","geocentric",6500,1228,NULL,NULL
8918,"SIRGAS-CON DGF01P01","geographic 3D",6423,1228,8917,15592
8919,"SIRGAS-CON DGF01P02","geocentric",6500,1229,NULL,NULL
8920,"SIRGAS-CON DGF01P02","geographic 3D",6423,1229,8919,15592
8921,"SIRGAS-CON DGF02P01","geocentric",6500,1230,NULL,NULL
8922,"SIRGAS-CON DGF02P01","geographic 3D",6423,1230,8921,15592
8923,"SIRGAS-CON DGF04P01","geocentric",6500,1231,NULL,NULL
8924,"SIRGAS-CON DGF04P01","geographic 3D",6423,1231,8923,15592
8925,"SIRGAS-CON DGF05P01","geocentric",6500,1232,NULL,NULL
8926,"SIRGAS-CON DGF05P01","geographic 3D",6423,1232,8925,15592
8927,"SIRGAS-CON DGF06P01","geocentric",6500,1233,NULL,NULL
8928,"SIRGAS-CON DGF06P01","geographic 3D",6423,1233,8927,15592
8929,"SIRGAS-CON DGF07P01","geocentric",6500,1234,NULL,NULL
8930,"SIRGAS-CON DGF07P01","geographic 3D",6423,1234,8929,15592
8931,"SIRGAS-CON DGF08P01","geocentric",6500,1235,NULL,NULL
8932,"SIRGAS-CON DGF08P01","geographic 3D",6423,1235,8931,15592
8933,"SIRGAS-CON SIR09P01","geocentric",6500,1236,NULL,NULL
8934,"SIRGAS-CON SIR09P01","geographic 3D",6423,1236,8933,15592
8935,"SIRGAS-CON SIR10P01","geocentric",6500,1237,NULL,NULL
8936,"SIRGAS-CON SIR10P01","geographic 3D",6423,1237,8935,15592
8937,"SIRGAS-CON SIR11P01","geocentric",6500,1238,NULL,NULL
8938,"SIRGAS-CON SIR11P01","geographic 3D",6423,1238,8937,15592
8939,"SIRGAS-CON SIR13P01","geocentric",6500,1239,NULL,NULL
8940,"SIRGAS-CON SIR13P01","geographic 3D",6423,1239,8939,15592
8941,"SIRGAS-CON SIR14P01","geocentric",6500,1240,NULL,NULL
8942,"SIRGAS-CON SIR14P01","geographic 3D",6423,1240,8941,15592
8943,"SIRGAS-CON SIR15P01","geocentric",6500,1241,NULL,NULL
8944,"SIRGAS-CON SIR15P01","geographic 3D",6423,1241,8943,15592
8945,"SIRGAS-CON SIR17P01","geocentric",6500,1242,NULL,NULL
8946,"SIRGAS-CON SIR17P01","geographic 3D",6423,1242,8945,15592
8947,"SIRGAS-Chile 2010","geocentric",6500,1243,NULL,NULL
8948,"SIRGAS-Chile 2010","geographic 3D",6423,1243,8947,15592
8949,"SIRGAS-Chile 2010","geographic 2D",6422,1243,8948,15593
8972,"SIRGAS-CON DGF00P01","geographic 2D",6422,1227,8916,15593
8973,"SIRGAS-CON DGF01P01","geographic 2D",6422,1228,8918,15593
8974,"SIRGAS-CON DGF01P02","geographic 2D",6422,1229,8918,15593
8975,"SIRGAS-CON DGF02P01","geographic 2D",6422,1230,8922,15593
8976,"SIRGAS-CON DGF04P01","geographic 2D",6422,1231,8924,15593
8977,"SIRGAS-CON DGF05P01","geographic 2D",6422,1232,8926,15593
8978,"SIRGAS-CON DGF06P01","geographic 2D",6422,1233,8928,15593
8979,"SIRGAS-CON DGF07P01","geographic 2D",6422,1234,8930,15593
8980,"SIRGAS-CON DGF08P01","geographic 2D",6422,1235,8932,15593
8981,"SIRGAS-CON SIR09P01","geographic 2D",6422,1236,8934,15593
8982,"SIRGAS-CON SIR10P01","geographic 2D",6422,1237,8936,15593
8983,"SIRGAS-CON SIR11P01","geographic 2D",6422,1238,8938,15593
8984,"SIRGAS-CON SIR13P01","geographic 2D",6422,1239,8940,15593
8985,"SIRGAS-CON SIR14P01","geographic 2D",6422,1240,8942,15593
8986,"SIRGAS-CON SIR15P01","geographic 2D",6422,1241,8944,15593
8987,"SIRGAS-CON SIR17P01","geographic 2D",6422,1242,8946,15593
8988,"ITRF88","geographic 2D",6422,6647,7900,15593
8989,"ITRF89","geographic 2D",6422,6648,7901,15593
8990,"ITRF90","geographic 2D",6422,6649,7902,15593
8991,"ITRF91","geographic 2D",6422,6650,7903,15593
8992,"ITRF92","geographic 2D",6422,6651,7904,15593
8993,"ITRF93","geographic 2D",6422,6652,7905,15593
8994,"ITRF94","geographic 2D",6422,6653,7906,15593
8995,"ITRF96","geographic 2D",6422,6654,7907,15593
8996,"ITRF97","geographic 2D",6422,6655,7908,15593
8997,"ITRF2000","geographic 2D",6422,6656,7909,15593
8998,"ITRF2005","geographic 2D",6422,6896,7910,15593
8999,"ITRF2008","geographic 2D",6422,1061,7911,15593
9000,"ITRF2014","geographic 2D",6422,1165,7912,15593
9001,"IGS97","geocentric",6500,1244,NULL,NULL
9002,"IGS97","geographic 3D",6423,1244,9001,15592
9003,"IGS97","geographic 2D",6422,1244,9002,15593
9004,"IGS00","geocentric",6500,1245,NULL,NULL
9005,"IGS00","geographic 3D",6423,1245,9004,15592
9006,"IGS00","geographic 2D",6422,1245,9005,15593
9007,"IGb00","geocentric",6500,1246,NULL,NULL
9008,"IGb00","geographic 3D",6423,1246,9007,15592
9009,"IGb00","geographic 2D",6422,1246,9008,15593
9010,"IGS05","geocentric",6500,1247,NULL,NULL
9011,"IGS05","geographic 3D",6423,1247,9010,15592
9012,"IGS05","geographic 2D",6422,1247,9011,15593
9013,"IGS08","geographic 3D",6423,1141,6934,15592
9014,"IGS08","geographic 2D",6422,1141,9013,15593
9015,"IGb08","geocentric",6500,1248,NULL,NULL
9016,"IGb08","geographic 3D",6423,1248,9015,15592
9017,"IGb08","geographic 2D",6422,1248,9016,15593
9018,"IGS14","geographic 3D",6423,1191,8227,15592
9019,"IGS14","geographic 2D",6422,1191,9018,15593
9053,"WGS 84 (G730)","geographic 2D",6422,1152,7657,15593
9054,"WGS 84 (G873)","geographic 2D",6422,1153,7659,15593
9055,"WGS 84 (G1150)","geographic 2D",6422,1154,7661,15593
9056,"WGS 84 (G1674)","geographic 2D",6422,1155,7663,15593
9057,"WGS 84 (G1762)","geographic 2D",6422,1156,7665,15593
9059,"ETRF89","geographic 2D",6422,1178,7915,15593
9060,"ETRF90","geographic 2D",6422,1179,7917,15593
9061,"ETRF91","geographic 2D",6422,1180,7919,15593
9062,"ETRF92","geographic 2D",6422,1181,7921,15593
9063,"ETRF93","geographic 2D",6422,1182,7923,15593
9064,"ETRF94","geographic 2D",6422,1183,7925,15593
9065,"ETRF96","geographic 2D",6422,1184,7927,15593
9066,"ETRF97","geographic 2D",6422,1185,7929,15593
9067,"ETRF2000","geographic 2D",6422,1186,7931,15593
9068,"ETRF2005","geographic 2D",6422,1204,8399,15593
9069,"ETRF2014","geographic 2D",6422,1206,8403,15593
9070,"NAD83(MARP00)","geocentric",6500,1221,NULL,NULL
9071,"NAD83(MARP00)","geographic 3D",6423,1221,9070,15592
9072,"NAD83(MARP00)","geographic 2D",6422,1221,9071,15593
9073,"NAD83(PACP00)","geocentric",6500,1249,NULL,NULL
9074,"NAD83(PACP00)","geographic 3D",6423,1249,9073,15592
9075,"NAD83(PACP00)","geographic 2D",6422,1249,9074,15593
9138,"KOSOVAREF01","geocentric",6500,1251,NULL,NULL
9139,"KOSOVAREF01","geographic 3D",6423,1251,9138,15592
9140,"KOSOVAREF01","geographic 2D",6422,1251,9139,15593
9146,"SIRGAS-Chile 2013","geocentric",6500,1252,NULL,NULL
9147,"SIRGAS-Chile 2013","geographic 3D",6423,1252,9146,15592
9148,"SIRGAS-Chile 2013","geographic 2D",6422,1252,9147,15593
9151,"SIRGAS-Chile 2016","geocentric",6500,1253,NULL,NULL
9152,"SIRGAS-Chile 2016","geographic 3D",6423,1253,9151,15592
9153,"SIRGAS-Chile 2016","geographic 2D",6422,1253,9152,15593
9248,"Tapi Aike","geographic 2D",6422,1257,NULL,NULL
9251,"MMN","geographic 2D",6422,1258,NULL,NULL
9253,"MMS","geographic 2D",6422,1259,NULL,NULL
9266,"MGI","geocentric",6500,6312,NULL,NULL
9267,"MGI","geographic 3D",6423,6312,9266,15592
9292,"ONGD17","geocentric",6500,1263,NULL,NULL
9293,"ONGD17","geographic 3D",6423,1263,9292,15592
9294,"ONGD17","geographic 2D",6422,1263,9293,15593
9299,"HS2-IRF","geographic 2D",6422,1264,NULL,NULL
9307,"ATRF2014","geocentric",6500,1291,NULL,NULL
9308,"ATRF2014","geographic 3D",6423,1291,9307,15592
9309,"ATRF2014","geographic 2D",6422,1291,9308,15593
9331,"KSA-GRF17","geocentric",6500,1268,NULL,NULL
9332,"KSA-GRF17","geographic 3D",6423,1268,9331,15592
9333,"KSA-GRF17","geographic 2D",6422,1268,9332,15593
9364,"TPEN11-IRF","geographic 2D",6422,1266,NULL,NULL
9372,"MML07-IRF","geographic 2D",6422,1271,NULL,NULL
9378,"IGb14","geocentric",6500,1272,NULL,NULL
9379,"IGb14","geographic 3D",6423,1272,9378,15592
9380,"IGb14","geographic 2D",6422,1272,9379,15593
9384,"AbInvA96_2020-IRF","geographic 2D",6422,1273,NULL,NULL
9403,"PN68","geographic 2D",6422,1286,NULL,NULL
9453,"GBK19-IRF","geographic 2D",6422,1289,NULL,NULL
9468,"SRGI2013","geocentric",6500,1293,NULL,NULL
9469,"SRGI2013","geographic 3D",6423,1293,9468,15592
9470,"SRGI2013","geographic 2D",6422,1293,9469,15593
9474,"PZ-90.02","geographic 2D",6422,1157,7678,15593
9475,"PZ-90.11","geographic 2D",6422,1158,7680,15593
9545,"LTF2004(G)","geocentric",6500,1295,NULL,NULL
9546,"LTF2004(G)","geographic 3D",6423,1295,9545,15592
9547,"LTF2004(G)","geographic 2D",6422,1295,9546,15593
9694,"REDGEOMIN","geocentric",6500,1304,NULL,NULL
9695,"REDGEOMIN","geographic 3D",6423,1304,9694,15592
9696,"REDGEOMIN","geographic 2D",6422,1304,9695,15593
9700,"ETRF2000-PL","geocentric",6500,1305,NULL,NULL
9701,"ETRF2000-PL","geographic 3D",6423,1305,9700,15592
9702,"ETRF2000-PL","geographic 2D",6422,1305,9701,15593
9739,"EOS21-IRF","geographic 2D",6422,1308,NULL,NULL
9753,"WGS 84 (G2139)","geocentric",6500,1309,NULL,NULL
9754,"WGS 84 (G2139)","geographic 3D",6423,1309,9753,15592
9755,"WGS 84 (G2139)","geographic 2D",6422,1309,9754,15593
9758,"ECML14_NB-IRF","geographic 2D",6422,1310,NULL,NULL
9763,"EWR2-IRF","geographic 2D",6422,1311,NULL,NULL
9775,"RGF93 v2","geocentric",6500,1312,NULL,NULL
9776,"RGF93 v2","geographic 3D",6423,1312,9775,15592
9777,"RGF93 v2","geographic 2D",6422,1312,9776,15593
9778,"RGF93 v2 (lon-lat)","geographic 3D",6426,1312,9776,15499
9779,"RGF93 v2 (lon-lat)","geographic 2D",6424,1312,9777,15498
9780,"RGF93 v2b","geocentric",6500,1313,NULL,NULL
9781,"RGF93 v2b","geographic 3D",6423,1313,9780,15592
9782,"RGF93 v2b","geographic 2D",6422,1313,9781,15593
9783,"RGF93 v2b (lon-lat)","geographic 3D",6426,1313,9781,15499
9784,"RGF93 v2b (lon-lat)","geographic 2D",6424,1313,9782,15498
9866,"MRH21-IRF","geographic 2D",6422,1314,NULL,NULL
9871,"MOLDOR11-IRF","geographic 2D",6422,1315,NULL,NULL
9892,"LUREF","geocentric",6500,6181,NULL,NULL
9893,"LUREF","geographic 3D",6423,6181,9892,15592
9939,"EBBWV14-IRF","geographic 2D",6422,1319,NULL,NULL
9964,"HULLEE13-IRF","geographic 2D",6422,1317,NULL,NULL
9969,"SCM22-IRF","geographic 2D",6422,1320,NULL,NULL
9974,"FNL22-IRF","geographic 2D",6422,1321,NULL,NULL
9988,"ITRF2020","geocentric",6500,1322,NULL,NULL
9989,"ITRF2020","geographic 3D",6423,1322,9988,15592
9990,"ITRF2020","geographic 2D",6422,1322,9989,15593
10158,"S34J-IRF","geographic 2D",6422,1332,NULL,NULL
10175,"DoPw22-IRF","geographic 2D",6422,1334,NULL,NULL
10176,"IGS20","geocentric",6500,1333,NULL,NULL
10177,"IGS20","geographic 3D",6423,1333,10176,15592
10178,"IGS20","geographic 2D",6422,1333,10177,15593
10185,"ShAb07-IRF","geographic 2D",6422,1335,NULL,NULL
10191,"CNH22-IRF","geographic 2D",6422,1336,NULL,NULL
10196,"CWS13-IRF","geographic 2D",6422,1338,NULL,NULL
10204,"DIBA15-IRF","geographic 2D",6422,1339,NULL,NULL
10209,"GWPBS22-IRF","geographic 2D",6422,1340,NULL,NULL
10214,"GWWAB22-IRF","geographic 2D",6422,1341,NULL,NULL
10219,"GWWWA22-IRF","geographic 2D",6422,1342,NULL,NULL
10224,"MALS09-IRF","geographic 2D",6422,1343,NULL,NULL
10229,"OxWo08-IRF","geographic 2D",6422,1344,NULL,NULL
10237,"SYC20-IRF","geographic 2D",6422,1345,NULL,NULL
10249,"S34S-IRF","geographic 2D",6422,1337,NULL,NULL
10252,"S45B-IRF","geographic 2D",6422,1346,NULL,NULL
10256,"GS-IRF","geographic 2D",6422,1347,NULL,NULL
10260,"GSB-IRF","geographic 2D",6422,1348,NULL,NULL
10265,"KK-IRF","geographic 2D",6422,1349,NULL,NULL
10268,"Ostenfeld-IRF","geographic 2D",6422,1350,NULL,NULL
10272,"SMITB20-IRF","geographic 2D",6422,1351,NULL,NULL
10277,"RBEPP12-IRF","geographic 2D",6422,1352,NULL,NULL
10282,"ETRS89/DREF91/2016","geocentric",6500,1353,NULL,NULL
10283,"ETRS89/DREF91/2016","geographic 3D",6423,1353,10282,15592
10284,"ETRS89/DREF91/2016","geographic 2D",6422,1353,10283,15593
10297,"RGSH2020","geocentric",6500,1355,NULL,NULL
10298,"RGSH2020","geographic 3D",6423,1355,10297,15592
10299,"RGSH2020","geographic 2D",6422,1355,10298,15593
10300,"RGNC91-93 (lon-lat)","geographic 3D",6426,6749,4907,15499
10303,"LKS-2020","geocentric",6500,1356,NULL,NULL
10304,"LKS-2020","geographic 3D",6423,1356,10303,15592
10305,"LKS-2020","geographic 2D",6422,1356,10304,15593
10307,"RGNC91-93 (lon-lat)","geographic 2D",6424,6749,4749,15498
10308,"RGNC15","geocentric",6500,1357,NULL,NULL
10309,"RGNC15","geographic 3D",6423,1357,10308,15592
10310,"RGNC15","geographic 2D",6422,1357,10309,15593
10311,"RGNC15 (lon-lat)","geographic 3D",6426,1357,10309,15499
10312,"RGNC15 (lon-lat)","geographic 2D",6424,1357,10310,15498
10326,"BH_ETRS89","geocentric",6500,1358,NULL,NULL
10327,"BH_ETRS89","geographic 3D",6423,1358,10326,15592
10328,"BH_ETRS89","geographic 2D",6422,1358,10327,15593
10345,"Hughes 1980","geographic 2D",6422,1359,NULL,NULL
10346,"NSIDC Authalic Sphere","geographic 2D",6422,1360,NULL,NULL
10412,"NAD83(CSRS)v8","geocentric",6500,1365,NULL,NULL
10413,"NAD83(CSRS)v8","geographic 3D",6423,1365,10412,15592
10414,"NAD83(CSRS)v8","geographic 2D",6422,1365,10413,15593
10468,"COV23-IRF","geographic 2D",6422,1366,NULL,NULL
10473,"BBT2000","geocentric",6500,1367,NULL,NULL
10474,"BBT2000","geographic 3D",6423,1367,10473,15592
10475,"BBT2000","geographic 2D",6422,1367,10474,15593
10569,"ETRF2020","geocentric",6500,1382,NULL,NULL
10570,"ETRF2020","geographic 3D",6423,1382,10569,15592
10571,"ETRF2020","geographic 2D",6422,1382,10570,15593
10604,"WGS 84 (G2296)","geocentric",6500,1383,NULL,NULL
10605,"WGS 84 (G2296)","geographic 3D",6423,1383,10604,15592
10606,"WGS 84 (G2296)","geographic 2D",6422,1383,10605,15593
10623,"ECML14-IRF","geographic 2D",6422,1385,NULL,NULL
10628,"WC05-IRF","geographic 2D",6422,1386,NULL,NULL
20033,"MWC18-IRF","geographic 2D",6422,1324,NULL,NULL
20039,"SIRGAS-Chile 2021","geocentric",6500,1327,NULL,NULL
20040,"SIRGAS-Chile 2021","geographic 3D",6423,1327,20039,15592
20041,"SIRGAS-Chile 2021","geographic 2D",6422,1327,20040,15593
20044,"MAGNA-SIRGAS 2018","geocentric",6500,1329,NULL,NULL
20045,"MAGNA-SIRGAS 2018","geographic 3D",6423,1329,20044,15592
20046,"MAGNA-SIRGAS 2018","geographic 2D",6422,1329,20045,15593
